{
  "id": "621cd755-ebeb-4596-be60-de2d676eaaf6",
  "name": "command",
  "isOverridable": true,
  "entries": [
    {
      "value": "on",
      "synonyms": [
        "on",
        "enable",
        "turn on",
        "power on",
        "switch on",
        "open",
        "enabled",
        "true",
        "set"
      ]
    },
    {
      "value": "off",
      "synonyms": [
        "off",
        "disable",
        "turn off",
        "power off",
        "switch off",
        "close",
        "disabled",
        "false",
        "shut",
        "clear"
      ]
    },
    {
      "value": "status",
      "synonyms": [
        "status",
        "state"
      ]
    }
  ],
  "isEnum": false,
  "automatedExpansion": false
}