{
  "id": "2a21eae5-6e68-421e-a35b-4d9490d8728c",
  "name": "globVarName",
  "isOverridable": true,
  "entries": [
    {
      "value": "VacationMode",
      "synonyms": [
        "VacationMode",
        "vacation mode"
      ]
    },
    {
      "value": "Schedules",
      "synonyms": [
        "Schedules"
      ]
    },
    {
      "value": "global",
      "synonyms": [
        "global"
      ]
    },
    {
      "value": "goodNight",
      "synonyms": [
        "goodNight"
      ]
    }
  ],
  "isEnum": false,
  "automatedExpansion": false
}