{
  "id": "0fcbfbd8-413c-42ec-bec4-033ff46f50cc",
  "name": "winkTypes",
  "isOverridable": true,
  "entries": [
    {
      "value": "all",
      "synonyms": [
        "all",
        "home"
      ]
    },
    {
      "value": "lights",
      "synonyms": [
        "lights",
        "light bulbs",
        "blubs"
      ]
    },
    {
      "value": "binary_switches",
      "synonyms": [
        "switches",
        "binary switches"
      ]
    },
    {
      "value": "windows",
      "synonyms": [
        "windows"
      ]
    },
    {
      "value": "doors",
      "synonyms": [
        "doors"
      ]
    },
    {
      "value": "values",
      "synonyms": [
        "values"
      ]
    },
    {
      "value": "hub",
      "synonyms": [
        "hub"
      ]
    },
    {
      "value": "sensor_pods",
      "synonyms": [
        "sensor_pods",
        "sensors"
      ]
    }
  ],
  "isEnum": false,
  "automatedExpansion": false
}