{
  "id": "f1b3d478-5788-4d4f-9365-d9a2e6deb856",
  "name": "winkName",
  "isOverridable": true,
  "entries": [
    {
      "value": "placeHolder",
      "synonyms": [
        "placeHolder"
      ]
    },
    {
      "value": "dimmer plug 1",
      "synonyms": [
        "dimmer plug 1",
        "dimmer",
        "plug"
      ]
    },
    {
      "value": "garden light 2",
      "synonyms": [
        "garden light 2",
        "garden 2"
      ]
    },
    {
      "value": "garden light 1",
      "synonyms": [
        "garden light 1",
        "garden 1"
      ]
    },
    {
      "value": "leaksmart valve",
      "synonyms": [
        "leaksmart valve",
        "main",
        "valve",
        "water"
      ]
    },
    {
      "value": "back porch switch",
      "synonyms": [
        "back porch switch",
        "deck",
        "back porch"
      ]
    },
    {
      "value": "backyard switch",
      "synonyms": [
        "backyard switch",
        "backyard"
      ]
    },
    {
      "value": "basement socket",
      "synonyms": [
        "basement socket",
        "basement"
      ]
    },
    {
      "value": "Outside",
      "synonyms": [
        "Outside"
      ]
    },
    {
      "value": "garden_lights",
      "synonyms": [
        "garden_lights",
        "garden lights"
      ]
    },
    {
      "value": "driveway",
      "synonyms": [
        "driveway"
      ]
    },
    {
      "value": "porch",
      "synonyms": [
        "porch"
      ]
    }
  ],
  "isEnum": false,
  "automatedExpansion": false
}