{
  "id": "06fb4c48-24ce-4234-8a62-6ef249052080",
  "name": "command",
  "isOverridable": true,
  "entries": [
    {
      "value": "on",
      "synonyms": [
        "on",
        "enable",
        "turn on",
        "power on",
        "switch on",
        "open",
        "enabled",
        "true",
        "set"
      ]
    },
    {
      "value": "off",
      "synonyms": [
        "off",
        "disable",
        "turn off",
        "power off",
        "switch off",
        "close",
        "disabled",
        "false",
        "shut",
        "clear"
      ]
    }
  ],
  "isEnum": false,
  "automatedExpansion": false
}